label,in_wos,in_ds,in_mag,Count,Pct
WOS,True,False,False,1908832,0.04942274640663198
DS,False,True,False,2753459,0.0712915049087916
MAG,False,False,True,11365414,0.29426894243620433
WOS ∩ DS,True,True,False,1569281,0.040631222079127886
WOS ∩ MAG,True,False,True,1203339,0.031156392096428665
DS ∩ MAG,False,True,True,5000325,0.12946649806045898
WOS ∩ DS ∩ MAG,True,True,True,14821890,0.3837626940123565
